CREATE TABLE EMPLOYEE11
(
     EMP_ID INT PRIMARY KEY,
     EMP_NAME VARCHAR(50),
     EMP_SAL INT,
	 H_DAY INT
);

INSERT INTO EMPLOYEE11(EMP_ID, EMP_NAME, EMP_SAL,H_DAY)
VALUES('101', 'SMITH', '8000', '3')
INSERT INTO EMPLOYEE11(EMP_ID, EMP_NAME, EMP_SAL,H_DAY)
VALUES('102', 'JAY', '16000','1')
INSERT INTO EMPLOYEE11(EMP_ID, EMP_NAME, EMP_SAL,H_DAY)
VALUES('103', 'VRUSHANK', '11000','2')
INSERT INTO EMPLOYEE11(EMP_ID, EMP_NAME, EMP_SAL,H_DAY)
VALUES('104', 'RAHIL', '30000', '3')
INSERT INTO EMPLOYEE11(EMP_ID, EMP_NAME, EMP_SAL,H_DAY)
VALUES('105', 'ROHIL', '50000','1')
INSERT INTO EMPLOYEE11(EMP_ID, EMP_NAME, EMP_SAL,H_DAY)
VALUES('106', 'DIVY', '24500','4')
INSERT INTO EMPLOYEE11(EMP_ID, EMP_NAME, EMP_SAL,H_DAY)
VALUES('107', 'HANISH', '29750','4')
INSERT INTO EMPLOYEE11(EMP_ID, EMP_NAME, EMP_SAL,H_DAY)
VALUES('108', 'KRISH', '10000','1')
INSERT INTO EMPLOYEE11(EMP_ID, EMP_NAME, EMP_SAL,H_DAY)
VALUES('109', 'DHRUVAL', '21000','1')
INSERT INTO EMPLOYEE11(EMP_ID, EMP_NAME, EMP_SAL,H_DAY)
VALUES('110', 'VARSHIL', '17500','2')

SELECT * FROM EMPLOYEE11

-->2)
-->1)..
CREATE TABLE HOLIDAY
(
   H_NAME VARCHAR(20) PRIMARY KEY,
   H_DAY VARCHAR(10),
   H_DATE DATE
);

INSERT INTO HOLIDAY (H_NAME,H_DAY,H_DATE)
VALUES ('MAKAR SANKRANTI' , 'FRIDAY', '14-JAN-2022')

INSERT INTO HOLIDAY (H_NAME,H_DAY,H_DATE)
VALUES ('REPUBLIC DAY' , 'WEDNESDAY', '26-JAN-2022')

INSERT INTO HOLIDAY (H_NAME,H_DAY,H_DATE)
VALUES ('MAHA SHIVRATRI' , 'TUESDAY', '1-MAR-2022')

INSERT INTO HOLIDAY (H_NAME,H_DAY,H_DATE)
VALUES ('HOLI' , 'FRIDAY', '18-MAR-2022')

INSERT INTO HOLIDAY (H_NAME,H_DAY,H_DATE)
VALUES ('RAM NAVAMI' , 'SUNDAY', '10-APRIL-2022')

INSERT INTO HOLIDAY (H_NAME,H_DAY,H_DATE)
VALUES ('AMBEDKAR JAYANTI' , 'THURSDAY', '14-APRIL-2022')

INSERT INTO HOLIDAY (H_NAME,H_DAY,H_DATE)
VALUES ('GOOD FRIDAY' , 'FRIDAY', '15-APRIL-2022')

INSERT INTO HOLIDAY (H_NAME,H_DAY,H_DATE)
VALUES ('EID-AL-FITR' , 'TUESDAY', '03-MAY-2022')

INSERT INTO HOLIDAY (H_NAME,H_DAY,H_DATE)
VALUES ('RAKSHA BANDHAN' , 'THUESDAY', '11-AUG-2022')

INSERT INTO HOLIDAY (H_NAME,H_DAY,H_DATE)
VALUES ('INDEPENDENCE DAY' , 'MONDAY', '15-AUG-2022')

INSERT INTO HOLIDAY (H_NAME,H_DAY,H_DATE)
VALUES ('JANMASHTMI' , 'FRIDAY', '19-AUG-2022')

INSERT INTO HOLIDAY (H_NAME,H_DAY,H_DATE)
VALUES ('GANDHI JAYANTI' , 'SUNDAY', '02-OCT-2022')

INSERT INTO HOLIDAY (H_NAME,H_DAY,H_DATE)
VALUES ('DUSHHERA' , 'WEDNESDAY', '05-AUG-2022')

SELECT * FROM HOLIDAY; SELECT * FROM EMPLOYEE1


-->3)
CREATE TABLE ATTENDENCE1
(
   EMP_ID INT,
   ATT_STATUS VARCHAR(8),
   ATT_DAY VARCHAR(9),
   A_DATE DATE,
);

INSERT INTO ATTENDENCE1(EMP_ID, ATT_STATUS, ATT_DAY, A_DATE)
VALUES('101', 'ABSENT', 'MONDAY', '2022-06-11')
INSERT INTO ATTENDENCE1(EMP_ID, ATT_STATUS, ATT_DAY, A_DATE)
VALUES('101', 'PRESENT', 'THUESDAY', '2022-04-14')
INSERT INTO ATTENDENCE1(EMP_ID, ATT_STATUS, ATT_DAY, A_DATE)
VALUES('101', 'PRESENT', 'SATURDAY', '2022-04-16')
INSERT INTO ATTENDENCE1(EMP_ID, ATT_STATUS, ATT_DAY, A_DATE)
VALUES('101', 'ABSENT ', 'WEDNESDAT', '2022-08-13')
INSERT INTO ATTENDENCE1(EMP_ID, ATT_STATUS, ATT_DAY, A_DATE)
VALUES('101', 'PRESENT', 'FRIDAY', '2022-03-18')

INSERT INTO ATTENDENCE1(EMP_ID, ATT_STATUS, ATT_DAY, A_DATE)
VALUES('102', 'PRESENT', 'SUNDAY', '2022-10-02')
INSERT INTO ATTENDENCE1(EMP_ID, ATT_STATUS, ATT_DAY, A_DATE)
VALUES('102', 'ABSENT', 'FRIDAY', '2022-08-12')
INSERT INTO ATTENDENCE1(EMP_ID, ATT_STATUS, ATT_DAY, A_DATE)
VALUES('102', 'PRESENT', 'MONDAY', '2022-05-16')
INSERT INTO ATTENDENCE1(EMP_ID, ATT_STATUS, ATT_DAY, A_DATE)
VALUES('102', 'PRESENT', 'WEDNESDAY', '2022-08-05')
INSERT INTO ATTENDENCE1(EMP_ID, ATT_STATUS, ATT_DAY, A_DATE)
VALUES('102', 'ABSENT', 'FRIDAY', '2022-04-15')

INSERT INTO ATTENDENCE1(EMP_ID, ATT_STATUS, ATT_DAY, A_DATE)
VALUES('103', 'PRESENT', 'WEDNESDAY', '2022-11-11')
INSERT INTO ATTENDENCE1(EMP_ID, ATT_STATUS, ATT_DAY, A_DATE)
VALUES('103', 'PRESENT', 'THUESDAY', '2022-08-11')
INSERT INTO ATTENDENCE1(EMP_ID, ATT_STATUS, ATT_DAY, A_DATE)
VALUES('103', 'ABSENT', 'MONDAY', '2022-05-30')
INSERT INTO ATTENDENCE1(EMP_ID, ATT_STATUS, ATT_DAY, A_DATE)
VALUES('103', 'ABSENT', 'THUESDAY', '2022-03-01')
INSERT INTO ATTENDENCE1(EMP_ID, ATT_STATUS, ATT_DAY, A_DATE)
VALUES('103', 'PRESENT', 'FRIDAY', '2022-01-14')

INSERT INTO ATTENDENCE1(EMP_ID, ATT_STATUS, ATT_DAY, A_DATE)
VALUES('104', 'ABSENT', 'THUESDAY', '2022-04-14')
INSERT INTO ATTENDENCE1(EMP_ID, ATT_STATUS, ATT_DAY, A_DATE)
VALUES('104', 'PRESENT', 'FRIDAY', '2022-04-15')
INSERT INTO ATTENDENCE1(EMP_ID, ATT_STATUS, ATT_DAY, A_DATE)
VALUES('104', 'ABSENT', 'WEDNESDAY', '2022-02-02')
INSERT INTO ATTENDENCE1(EMP_ID, ATT_STATUS, ATT_DAY, A_DATE)
VALUES('104', 'ABSENT', 'MONDAY', '2022-12-14')
INSERT INTO ATTENDENCE1(EMP_ID, ATT_STATUS, ATT_DAY, A_DATE)
VALUES('104', 'ABSENT', 'FRIDAY', '2022-08-19')

INSERT INTO ATTENDENCE1(EMP_ID, ATT_STATUS, ATT_DAY, A_DATE)
VALUES('105', 'ABSENT', 'FRIDAY', '2022-03-18')
INSERT INTO ATTENDENCE1(EMP_ID, ATT_STATUS, ATT_DAY, A_DATE)
VALUES('105', 'PRESENT', 'MONDAY', '2022-08-15')
INSERT INTO ATTENDENCE1(EMP_ID, ATT_STATUS, ATT_DAY, A_DATE)
VALUES('105', 'ABSENT', 'FRIDAY', '2022-03-29')
INSERT INTO ATTENDENCE1(EMP_ID, ATT_STATUS, ATT_DAY, A_DATE)
VALUES('105', 'PRESENT', 'THUESDAY', '2022-01-21')

INSERT INTO ATTENDENCE1(EMP_ID, ATT_STATUS, ATT_DAY, A_DATE)
VALUES('106', 'PRESENT', 'THUESDAY', '2022-05-03')
INSERT INTO ATTENDENCE1(EMP_ID, ATT_STATUS, ATT_DAY, A_DATE)
VALUES('106', 'ABSENT', 'MONDAY', '2022-07-09')
INSERT INTO ATTENDENCE1(EMP_ID, ATT_STATUS, ATT_DAY, A_DATE)
VALUES('106', 'PRESENT', 'FRIDAY', '2022-03-18')
INSERT INTO ATTENDENCE1(EMP_ID, ATT_STATUS, ATT_DAY, A_DATE)
VALUES('106', 'PRESENT', 'FRIDAY', '2022-01-14')

INSERT INTO ATTENDENCE1(EMP_ID, ATT_STATUS, ATT_DAY, A_DATE)
VALUES('107', 'ABSENT', 'THUESDAY', '2022-04-14')
INSERT INTO ATTENDENCE1(EMP_ID, ATT_STATUS, ATT_DAY, A_DATE)
VALUES('107', 'ABSENT', 'FRIDAY', '2022-08-01')
INSERT INTO ATTENDENCE1(EMP_ID, ATT_STATUS, ATT_DAY, A_DATE)
VALUES('107', 'ABSENT', 'SUNDAY', '2022-10-02')
INSERT INTO ATTENDENCE1(EMP_ID, ATT_STATUS, ATT_DAY, A_DATE)
VALUES('107', 'PRESENT', 'THUESDAY', '2022-05-03')

INSERT INTO ATTENDENCE1(EMP_ID, ATT_STATUS, ATT_DAY, A_DATE)
VALUES('108', 'ABSENT', 'WEDNESDAY', '2022-08-05')
INSERT INTO ATTENDENCE1(EMP_ID, ATT_STATUS, ATT_DAY, A_DATE)
VALUES('108', 'PRESENT', 'WEDNESDAY', '2022-01-26')
INSERT INTO ATTENDENCE1(EMP_ID, ATT_STATUS, ATT_DAY, A_DATE)
VALUES('108', 'PRESENT', 'FRIDAY', '2022-05-13')
INSERT INTO ATTENDENCE1(EMP_ID, ATT_STATUS, ATT_DAY, A_DATE)
VALUES('108', 'PRESENT', 'FRIDAY', '2022-03-18')

INSERT INTO ATTENDENCE1(EMP_ID, ATT_STATUS, ATT_DAY, A_DATE)
VALUES('109', 'PRESENT', 'SUNDAY', '2022-10-02')
INSERT INTO ATTENDENCE1(EMP_ID, ATT_STATUS, ATT_DAY, A_DATE)
VALUES('109', 'PRESENT', 'SUNDAY', '2022-02-20')
INSERT INTO ATTENDENCE1(EMP_ID, ATT_STATUS, ATT_DAY, A_DATE)
VALUES('109', 'ABSENT', 'THUESDAY', '2022-03-01')
INSERT INTO ATTENDENCE1(EMP_ID, ATT_STATUS, ATT_DAY, A_DATE)
VALUES('109', 'ABSENT', 'FRIDAY', '2022-02-18')

INSERT INTO ATTENDENCE1(EMP_ID, ATT_STATUS, ATT_DAY, A_DATE)
VALUES('110', 'ABSENT', 'FRIDAY', '2022-02-18')
INSERT INTO ATTENDENCE1(EMP_ID, ATT_STATUS, ATT_DAY, A_DATE)
VALUES('110', 'PRESENT', 'THUESDAY', '2022-10-27')
INSERT INTO ATTENDENCE1(EMP_ID, ATT_STATUS, ATT_DAY, A_DATE)
VALUES('110', 'ABSENT', 'FRIDAY', '2022-01-14')
INSERT INTO ATTENDENCE1(EMP_ID, ATT_STATUS, ATT_DAY, A_DATE)
VALUES('110', 'PRESENT', 'MONDAY', '2022-08-15')

-->ANS:1..
SELECT * FROM EMPLOYEE11
SELECT * FROM HOLIDAY
SELECT * FROM ATTENDENCE1


SELECT COUNT(ATT_STATUS) FROM ATTENDENCE1 WHERE EMP_ID='107' AND ATT_STATUS='PRESENT';
SELECT EMP_NAME, SUM(EMP_SAL) AS TOTALSALARY FROM EMPLOYEE11 WHERE EMP_ID = '105' GROUP BY EMP_NAME

-->ANS:2..
SELECT EMP_ID, COUNT(ATT_STATUS) AS TOTALPRESENT FROM ATTENDENCE1 WHERE ATT_STATUS='PRESENT' GROUP BY EMP_ID
SELECT EMP_ID, ATT_DAY, COUNT(ATT_STATUS) AS TOTALPRESENT FROM ATTENDENCE1 WHERE ATT_STATUS='PRESENT' GROUP BY EMP_ID, ATT_DAY

--.ANS:3..
SELECT EMP_ID, COUNT(ATT_STATUS) AS TOTALABSENT FROM ATTENDENCE1 WHERE ATT_STATUS='ABSENT' GROUP BY EMP_ID
SELECT EMP_ID, ATT_DAY, COUNT(ATT_STATUS) AS TOTALABSENT FROM ATTENDENCE1 WHERE ATT_STATUS='ABSENT' GROUP BY EMP_ID, ATT_DAY

-->ANS:4..
-->TOTAL SUM:
SELECT SUM(EMP_SAL) FROM EMPLOYEE1 

-->2 COLUMN
SELECT EMP_ID, COUNT(ATT_STATUS) AS TOTALABSENT FROM ATTENDENCE1 WHERE ATT_STATUS='ABSENT' GROUP BY EMP_ID
SELECT EMP_ID, COUNT(ATT_STATUS) AS TOTALPRESENT FROM ATTENDENCE1 WHERE EMP_ID = '101' GROUP BY EMP_ID

--> 3 COLUMN
SELECT EMP.EMP_NAME,EMP.EMP_SAL, COUNT(A.ATT_STATUS) AS TOTALPRESENT FROM ATTENDENCE1 A INNER JOIN EMPLOYEE11 EMP ON A.EMP_ID=EMP.EMP_ID GROUP BY EMP_NAME, EMP_SAL

-->4 COLUMN
SELECT EMP.EMP_NAME,EMP.EMP_SAL, COUNT(A.ATT_STATUS) AS TOTALPRESENT,EMP.H_DAY FROM ATTENDENCE1 A INNER JOIN EMPLOYEE11 EMP ON A.EMP_ID=EMP.EMP_ID  GROUP BY EMP_NAME, EMP_SAL,H_DAY